Code,name,UNDP 52,All developing,LIC,LMC,UMC,MIC,HIC,LDC,SIDS,IMF,AE,EM,LIDC,Poorest (IDS eligible),HIPC,South Asia,Europe & Central Asia,Middle East & North Africa,East Asia & Pacific,Latin America & Caribbean,Sub-Saharan Africa,North America,Very high HDI,High HDI,Medium HDI,Low HDI,Landlocked developing countries,,,,,,,,,,,,,,,,,
AFG,Afghanistan,1,1,1,0,0,0,0,1,0,LIDC,0,0,1,1,1,1,0,0,0,0,0,0,0,0,0,1,1,,,,,,,,,,,,,,,,,
ALB,Albania,0,1,0,0,1,1,0,0,0,EM,0,1,0,0,0,0,1,0,0,0,0,0,0,1,0,0,0,,,,,,,,,,,,,,,,,
DZA,Algeria,0,1,0,0,1,1,0,0,0,EM,0,1,0,0,0,0,0,1,0,0,0,0,0,1,0,0,0,,,,,,,,,,,,,,,,,
ASM,American Samoa,0,0,0,0,0,0,1,0,0,0,0,0,0,0,0,0,0,0,0,0,0,0,0,0,0,0,0,,,,,,,,,,,,,,,,,
AND,Andorra,0,0,0,0,0,0,1,0,0,0,0,0,0,0,0,0,0,0,0,0,0,0,0,0,0,0,0,,,,,,,,,,,,,,,,,
AGO,Angola,0,1,0,1,0,1,0,1,0,EM,0,1,0,0,0,0,0,0,0,0,1,0,0,0,1,0,0,,,,,,,,,,,,,,,,,
ATG,Antigua and Barbuda,0,0,0,0,0,0,1,0,0,0,0,0,0,0,0,0,0,0,0,0,0,0,0,0,0,0,0,,,,,,,,,,,,,,,,,
ARG,Argentina,1,1,0,0,1,1,0,0,0,EM,0,1,0,0,0,0,0,0,0,1,0,0,1,0,0,0,0,,,,,,,,,,,,,,,,,
ARM,Armenia,0,1,0,0,1,1,0,0,0,EM,0,1,0,0,0,0,1,0,0,0,0,0,0,1,0,0,1,,,,,,,,,,,,,,,,,
ABW,Aruba,0,0,0,0,0,0,1,0,0,0,0,0,0,0,0,0,0,0,0,0,0,0,0,0,0,0,0,,,,,,,,,,,,,,,,,
AUS,Australia,0,0,0,0,0,0,1,0,0,0,0,0,0,0,0,0,0,0,0,0,0,0,0,0,0,0,0,,,,,,,,,,,,,,,,,
AUT,Austria,0,0,0,0,0,0,1,0,0,0,0,0,0,0,0,0,0,0,0,0,0,0,0,0,0,0,0,,,,,,,,,,,,,,,,,
AZE,Azerbaijan,0,1,0,0,1,1,0,0,0,EM,0,1,0,0,0,0,1,0,0,0,0,0,0,1,0,0,1,,,,,,,,,,,,,,,,,
BHS,"Bahamas, The",0,0,0,0,0,0,1,0,0,0,0,0,0,0,0,0,0,0,0,0,0,0,0,0,0,0,0,,,,,,,,,,,,,,,,,
BHR,Bahrain,0,0,0,0,0,0,1,0,0,0,0,0,0,0,0,0,0,0,0,0,0,0,0,0,0,0,0,,,,,,,,,,,,,,,,,
BGD,Bangladesh,0,1,0,1,0,1,0,1,0,LIDC,0,0,1,1,0,1,0,0,0,0,0,0,0,0,1,0,0,,,,,,,,,,,,,,,,,
BRB,Barbados,0,0,0,0,0,0,1,0,0,0,0,0,0,0,0,0,0,0,0,0,0,0,0,0,0,0,0,,,,,,,,,,,,,,,,,
BLR,Belarus,1,1,0,0,1,1,0,0,0,EM,0,1,0,0,0,0,1,0,0,0,0,0,1,0,0,0,0,,,,,,,,,,,,,,,,,
BEL,Belgium,0,0,0,0,0,0,1,0,0,0,0,0,0,0,0,0,0,0,0,0,0,0,0,0,0,0,0,,,,,,,,,,,,,,,,,
BLZ,Belize,1,1,0,0,1,1,0,0,1,EM,0,1,0,1,0,0,0,0,0,1,0,0,0,0,1,0,0,,,,,,,,,,,,,,,,,
BEN,Benin,0,1,0,1,0,1,0,0,0,LIDC,0,0,1,1,1,0,0,0,0,0,1,0,0,0,0,1,0,,,,,,,,,,,,,,,,,
BMU,Bermuda,0,0,0,0,0,0,1,0,0,0,0,0,0,0,0,0,0,0,0,0,0,0,0,0,0,0,0,,,,,,,,,,,,,,,,,
BTN,Bhutan,0,1,0,1,0,1,0,1,0,LIDC,0,0,1,1,0,1,0,0,0,0,0,0,0,0,1,0,1,,,,,,,,,,,,,,,,,
BOL,Bolivia,0,1,0,1,0,1,0,0,0,EM,0,1,0,0,1,0,0,0,0,1,0,0,0,0,1,0,1,,,,,,,,,,,,,,,,,
BIH,Bosnia and Herzegovina,0,1,0,0,1,1,0,0,0,EM,0,1,0,0,0,0,1,0,0,0,0,0,0,1,0,0,0,,,,,,,,,,,,,,,,,
BWA,Botswana,0,1,0,0,1,1,0,0,0,EM,0,1,0,0,0,0,0,0,0,0,1,0,0,0,1,0,1,,,,,,,,,,,,,,,,,
BRA,Brazil,0,1,0,0,1,1,0,0,0,EM,0,1,0,0,0,0,0,0,0,1,0,0,0,1,0,0,0,,,,,,,,,,,,,,,,,
VGB,British Virgin Islands,0,0,0,0,0,0,1,0,0,0,0,0,0,0,0,0,0,0,0,0,0,0,0,0,0,0,0,,,,,,,,,,,,,,,,,
BRN,Brunei Darussalam,0,0,0,0,0,0,1,0,0,0,0,0,0,0,0,0,0,0,0,0,0,0,0,0,0,0,0,,,,,,,,,,,,,,,,,
BGR,Bulgaria,0,1,0,0,0,0,1,0,0,EM,0,1,0,0,0,0,1,0,0,0,0,0,0,1,0,0,0,,,,,,,,,,,,,,,,,
BFA,Burkina Faso,1,1,1,0,0,0,0,1,0,LIDC,0,0,1,1,1,0,0,0,0,0,1,0,0,0,0,1,1,,,,,,,,,,,,,,,,,
BDI,Burundi,1,1,1,0,0,0,0,1,0,LIDC,0,0,1,1,1,0,0,0,0,0,1,0,0,0,0,1,1,,,,,,,,,,,,,,,,,
CPV,Cabo Verde,0,1,0,1,0,1,0,0,1,EM,0,1,0,1,0,0,0,0,0,0,1,0,0,0,1,0,0,,,,,,,,,,,,,,,,,
KHM,Cambodia,0,1,0,1,0,1,0,1,0,LIDC,0,0,1,1,0,0,0,0,1,0,0,0,0,0,1,0,0,,,,,,,,,,,,,,,,,
CMR,Cameroon,0,1,0,1,0,1,0,0,0,LIDC,0,0,1,1,1,0,0,0,0,0,1,0,0,0,1,0,0,,,,,,,,,,,,,,,,,
CAN,Canada,0,0,0,0,0,0,1,0,0,0,0,0,0,0,0,0,0,0,0,0,0,0,0,0,0,0,0,,,,,,,,,,,,,,,,,
CYM,Cayman Islands,0,0,0,0,0,0,1,0,0,0,0,0,0,0,0,0,0,0,0,0,0,0,0,0,0,0,0,,,,,,,,,,,,,,,,,
CAF,Central African Republic,1,1,1,0,0,0,0,1,0,LIDC,0,0,1,1,1,0,0,0,0,0,1,0,0,0,0,1,1,,,,,,,,,,,,,,,,,
TCD,Chad,1,1,1,0,0,0,0,1,0,LIDC,0,0,1,1,1,0,0,0,0,0,1,0,0,0,0,1,1,,,,,,,,,,,,,,,,,
CHI,Channel Islands,0,0,0,0,0,0,1,0,0,0,0,0,0,0,0,0,0,0,0,0,0,0,0,0,0,0,0,,,,,,,,,,,,,,,,,
CHL,Chile,0,0,0,0,0,0,1,0,0,0,0,0,0,0,0,0,0,0,0,0,0,0,0,0,0,0,0,,,,,,,,,,,,,,,,,
CHN,China,0,1,0,0,1,1,0,0,0,EM,0,1,0,0,0,0,0,0,1,0,0,0,0,1,0,0,0,,,,,,,,,,,,,,,,,
COL,Colombia,0,1,0,0,1,1,0,0,0,EM,0,1,0,0,0,0,0,0,0,1,0,0,0,1,0,0,0,,,,,,,,,,,,,,,,,
COM,Comoros,1,1,0,1,0,1,0,1,1,LIDC,0,0,1,1,1,0,0,0,0,0,1,0,0,0,1,0,0,,,,,,,,,,,,,,,,,
COD,"Congo, Dem. Rep.",0,1,1,0,0,0,0,1,0,LIDC,0,0,1,1,1,0,0,0,0,0,1,0,0,0,0,1,0,,,,,,,,,,,,,,,,,
COG,"Congo, Rep.",1,1,0,1,0,1,0,0,0,LIDC,0,0,1,1,1,0,0,0,0,0,1,0,0,0,1,0,0,,,,,,,,,,,,,,,,,
CRI,Costa Rica,0,1,0,0,1,1,0,0,0,EM,0,1,0,0,0,0,0,0,0,1,0,0,1,0,0,0,0,,,,,,,,,,,,,,,,,
CIV,Côte d'Ivoire,0,1,0,1,0,1,0,0,0,LIDC,0,0,1,1,1,0,0,0,0,0,1,0,0,0,1,0,0,,,,,,,,,,,,,,,,,
HRV,Croatia,0,0,0,0,0,0,1,0,0,0,0,0,0,0,0,0,0,0,0,0,0,0,0,0,0,0,0,,,,,,,,,,,,,,,,,
CUB,Cuba,0,1,0,0,1,1,0,0,1,..,0,0,0,0,0,0,0,0,0,1,0,0,0,1,0,0,0,,,,,,,,,,,,,,,,,
CUW,Curaçao,0,0,0,0,0,0,1,0,0,0,0,0,0,0,0,0,0,0,0,0,0,0,0,0,0,0,0,,,,,,,,,,,,,,,,,
CYP,Cyprus,0,0,0,0,0,0,1,0,0,0,0,0,0,0,0,0,0,0,0,0,0,0,0,0,0,0,0,,,,,,,,,,,,,,,,,
CZE,Czechia,0,0,0,0,0,0,1,0,0,0,0,0,0,0,0,0,0,0,0,0,0,0,0,0,0,0,0,,,,,,,,,,,,,,,,,
DNK,Denmark,0,0,0,0,0,0,1,0,0,0,0,0,0,0,0,0,0,0,0,0,0,0,0,0,0,0,0,,,,,,,,,,,,,,,,,
DJI,Djibouti,1,1,0,1,0,1,0,1,0,LIDC,0,0,1,1,0,0,0,1,0,0,0,0,0,0,0,1,0,,,,,,,,,,,,,,,,,
DMA,Dominica,1,1,0,0,1,1,0,0,1,EM,0,1,0,1,0,0,0,0,0,1,0,0,0,1,0,0,0,,,,,,,,,,,,,,,,,
DOM,Dominican Republic,0,1,0,0,1,1,0,0,1,EM,0,1,0,0,0,0,0,0,0,1,0,0,0,1,0,0,0,,,,,,,,,,,,,,,,,
ECU,Ecuador,1,1,0,0,1,1,0,0,0,EM,0,1,0,0,0,0,0,0,0,1,0,0,0,1,0,0,0,,,,,,,,,,,,,,,,,
EGY,"Egypt, Arab Rep.",0,1,0,1,0,1,0,0,0,EM,0,1,0,0,0,0,0,1,0,0,0,0,0,1,0,0,0,,,,,,,,,,,,,,,,,
SLV,El Salvador,1,1,0,0,1,1,0,0,0,EM,0,1,0,0,0,0,0,0,0,1,0,0,0,0,1,0,0,,,,,,,,,,,,,,,,,
GNQ,Equatorial Guinea,0,1,0,0,1,1,0,0,0,EM,0,1,0,0,0,0,0,0,0,0,1,0,0,0,1,0,0,,,,,,,,,,,,,,,,,
ERI,Eritrea,0,1,1,0,0,0,0,1,0,LIDC,0,0,1,1,0,0,0,0,0,0,1,0,0,0,0,1,0,,,,,,,,,,,,,,,,,
EST,Estonia,0,0,0,0,0,0,1,0,0,0,0,0,0,0,0,0,0,0,0,0,0,0,0,0,0,0,0,,,,,,,,,,,,,,,,,
SWZ,Eswatini,0,1,0,1,0,1,0,0,0,EM,0,1,0,1,0,0,0,0,0,0,1,0,0,0,1,0,1,,,,,,,,,,,,,,,,,
ETH,Ethiopia,1,1,1,0,0,0,0,1,0,LIDC,0,0,1,1,1,0,0,0,0,0,1,0,0,0,0,1,1,,,,,,,,,,,,,,,,,
FRO,Faroe Islands,0,0,0,0,0,0,1,0,0,0,0,0,0,0,0,0,0,0,0,0,0,0,0,0,0,0,0,,,,,,,,,,,,,,,,,
FJI,Fiji,0,1,0,0,1,1,0,0,1,EM,0,1,0,1,0,0,0,0,1,0,0,0,0,1,0,0,0,,,,,,,,,,,,,,,,,
FIN,Finland,0,0,0,0,0,0,1,0,0,0,0,0,0,0,0,0,0,0,0,0,0,0,0,0,0,0,0,,,,,,,,,,,,,,,,,
FRA,France,0,0,0,0,0,0,1,0,0,0,0,0,0,0,0,0,0,0,0,0,0,0,0,0,0,0,0,,,,,,,,,,,,,,,,,
PYF,French Polynesia,0,0,0,0,0,0,1,0,0,0,0,0,0,0,0,0,0,0,0,0,0,0,0,0,0,0,0,,,,,,,,,,,,,,,,,
GAB,Gabon,1,1,0,0,1,1,0,0,0,EM,0,1,0,0,0,0,0,0,0,0,1,0,0,1,0,0,0,,,,,,,,,,,,,,,,,
GMB,"Gambia, The",1,1,1,0,0,0,0,1,0,LIDC,0,0,1,1,1,0,0,0,0,0,1,0,0,0,0,1,0,,,,,,,,,,,,,,,,,
GEO,Georgia,0,1,0,0,1,1,0,0,0,EM,0,1,0,0,0,0,1,0,0,0,0,0,1,0,0,0,0,,,,,,,,,,,,,,,,,
DEU,Germany,0,0,0,0,0,0,1,0,0,0,0,0,0,0,0,0,0,0,0,0,0,0,0,0,0,0,0,,,,,,,,,,,,,,,,,
GHA,Ghana,1,1,0,1,0,1,0,0,0,LIDC,0,0,1,1,1,0,0,0,0,0,1,0,0,0,1,0,0,,,,,,,,,,,,,,,,,
GIB,Gibraltar,0,0,0,0,0,0,1,0,0,0,0,0,0,0,0,0,0,0,0,0,0,0,0,0,0,0,0,,,,,,,,,,,,,,,,,
GRC,Greece,0,0,0,0,0,0,1,0,0,0,0,0,0,0,0,0,0,0,0,0,0,0,0,0,0,0,0,,,,,,,,,,,,,,,,,
GRL,Greenland,0,0,0,0,0,0,1,0,0,0,0,0,0,0,0,0,0,0,0,0,0,0,0,0,0,0,0,,,,,,,,,,,,,,,,,
GRD,Grenada,1,1,0,0,1,1,0,0,1,EM,0,1,0,1,0,0,0,0,0,1,0,0,0,1,0,0,0,,,,,,,,,,,,,,,,,
GUM,Guam,0,0,0,0,0,0,1,0,0,0,0,0,0,0,0,0,0,0,0,0,0,0,0,0,0,0,0,,,,,,,,,,,,,,,,,
GTM,Guatemala,0,1,0,0,1,1,0,0,0,EM,0,1,0,0,0,0,0,0,0,1,0,0,0,0,1,0,0,,,,,,,,,,,,,,,,,
GIN,Guinea,0,1,0,1,0,1,0,1,0,LIDC,0,0,1,1,1,0,0,0,0,0,1,0,0,0,0,1,0,,,,,,,,,,,,,,,,,
GNB,Guinea-Bissau,1,1,1,0,0,0,0,1,1,LIDC,0,0,1,1,1,0,0,0,0,0,1,0,0,0,0,1,0,,,,,,,,,,,,,,,,,
GUY,Guyana,0,0,0,0,0,0,1,0,0,0,0,0,0,1,0,0,0,0,0,0,0,0,0,0,0,0,0,,,,,,,,,,,,,,,,,
HTI,Haiti,1,1,0,1,0,1,0,1,1,LIDC,0,0,1,1,1,0,0,0,0,1,0,0,0,0,0,1,0,,,,,,,,,,,,,,,,,
HND,Honduras,0,1,0,1,0,1,0,0,0,LIDC,0,0,1,1,1,0,0,0,0,1,0,0,0,0,1,0,0,,,,,,,,,,,,,,,,,
HKG,"Hong Kong SAR, China",0,0,0,0,0,0,1,0,0,0,0,0,0,0,0,0,0,0,0,0,0,0,0,0,0,0,0,,,,,,,,,,,,,,,,,
HUN,Hungary,0,0,0,0,0,0,1,0,0,0,0,0,0,0,0,0,0,0,0,0,0,0,0,0,0,0,0,,,,,,,,,,,,,,,,,
ISL,Iceland,0,0,0,0,0,0,1,0,0,0,0,0,0,0,0,0,0,0,0,0,0,0,0,0,0,0,0,,,,,,,,,,,,,,,,,
IND,India,0,1,0,1,0,1,0,0,0,EM,0,1,0,0,0,1,0,0,0,0,0,0,0,0,1,0,0,,,,,,,,,,,,,,,,,
IDN,Indonesia,0,1,0,0,1,1,0,0,0,EM,0,1,0,0,0,0,0,0,1,0,0,0,0,1,0,0,0,,,,,,,,,,,,,,,,,
IRN,"Iran, Islamic Rep.",0,1,0,0,1,1,0,0,0,EM,0,1,0,0,0,0,0,1,0,0,0,0,0,1,0,0,0,,,,,,,,,,,,,,,,,
IRQ,Iraq,1,1,0,0,1,1,0,0,0,EM,0,1,0,0,0,0,0,1,0,0,0,0,0,0,1,0,0,,,,,,,,,,,,,,,,,
IRL,Ireland,0,0,0,0,0,0,1,0,0,0,0,0,0,0,0,0,0,0,0,0,0,0,0,0,0,0,0,,,,,,,,,,,,,,,,,
IMN,Isle of Man,0,0,0,0,0,0,1,0,0,0,0,0,0,0,0,0,0,0,0,0,0,0,0,0,0,0,0,,,,,,,,,,,,,,,,,
ISR,Israel,0,0,0,0,0,0,1,0,0,0,0,0,0,0,0,0,0,0,0,0,0,0,0,0,0,0,0,,,,,,,,,,,,,,,,,
ITA,Italy,0,0,0,0,0,0,1,0,0,0,0,0,0,0,0,0,0,0,0,0,0,0,0,0,0,0,0,,,,,,,,,,,,,,,,,
JAM,Jamaica,0,1,0,0,1,1,0,0,1,EM,0,1,0,0,0,0,0,0,0,1,0,0,0,1,0,0,0,,,,,,,,,,,,,,,,,
JPN,Japan,0,0,0,0,0,0,1,0,0,0,0,0,0,0,0,0,0,0,0,0,0,0,0,0,0,0,0,,,,,,,,,,,,,,,,,
JOR,Jordan,0,1,0,1,0,1,0,0,0,EM,0,1,0,0,0,0,0,1,0,0,0,0,0,1,0,0,0,,,,,,,,,,,,,,,,,
KAZ,Kazakhstan,0,1,0,0,1,1,0,0,0,EM,0,1,0,0,0,0,1,0,0,0,0,0,1,0,0,0,1,,,,,,,,,,,,,,,,,
KEN,Kenya,0,1,0,1,0,1,0,0,0,LIDC,0,0,1,1,0,0,0,0,0,0,1,0,0,0,1,0,0,,,,,,,,,,,,,,,,,
KIR,Kiribati,1,1,0,1,0,1,0,1,1,LIDC,0,0,1,1,0,0,0,0,1,0,0,0,0,0,1,0,0,,,,,,,,,,,,,,,,,
PRK,"Korea, Dem. People's Rep.",0,1,1,0,0,0,0,0,0,..,0,0,0,0,0,0,0,0,1,0,0,0,0,0,0,0,0,,,,,,,,,,,,,,,,,
KOR,"Korea, Rep.",0,0,0,0,0,0,1,0,0,0,0,0,0,0,0,0,0,0,0,0,0,0,0,0,0,0,0,,,,,,,,,,,,,,,,,
UVK,Kosovo,0,1,0,0,1,1,0,0,0,EM,0,1,0,1,0,0,1,0,0,0,0,0,0,0,0,0,0,,,,,,,,,,,,,,,,,
KWT,Kuwait,0,0,0,0,0,0,1,0,0,0,0,0,0,0,0,0,0,0,0,0,0,0,0,0,0,0,0,,,,,,,,,,,,,,,,,
KGZ,Kyrgyz Republic,0,1,0,1,0,1,0,0,0,LIDC,0,0,1,1,0,0,1,0,0,0,0,0,0,0,1,0,1,,,,,,,,,,,,,,,,,
LAO,Lao PDR,1,1,0,1,0,1,0,1,0,LIDC,0,0,1,1,0,0,0,0,1,0,0,0,0,0,1,0,1,,,,,,,,,,,,,,,,,
LVA,Latvia,0,0,0,0,0,0,1,0,0,0,0,0,0,0,0,0,0,0,0,0,0,0,0,0,0,0,0,,,,,,,,,,,,,,,,,
LBN,Lebanon,1,1,0,1,0,1,0,0,0,EM,0,1,0,0,0,0,0,1,0,0,0,0,0,1,0,0,0,,,,,,,,,,,,,,,,,
LSO,Lesotho,0,1,0,1,0,1,0,1,0,LIDC,0,0,1,1,0,0,0,0,0,0,1,0,0,0,0,1,1,,,,,,,,,,,,,,,,,
LBR,Liberia,0,1,1,0,0,0,0,1,0,LIDC,0,0,1,1,1,0,0,0,0,0,1,0,0,0,0,1,0,,,,,,,,,,,,,,,,,
LBY,Libya,0,1,0,0,1,1,0,0,0,EM,0,1,0,0,0,0,0,1,0,0,0,0,0,1,0,0,0,,,,,,,,,,,,,,,,,
LIE,Liechtenstein,0,0,0,0,0,0,1,0,0,0,0,0,0,0,0,0,0,0,0,0,0,0,0,0,0,0,0,,,,,,,,,,,,,,,,,
LTU,Lithuania,0,0,0,0,0,0,1,0,0,0,0,0,0,0,0,0,0,0,0,0,0,0,0,0,0,0,0,,,,,,,,,,,,,,,,,
LUX,Luxembourg,0,0,0,0,0,0,1,0,0,0,0,0,0,0,0,0,0,0,0,0,0,0,0,0,0,0,0,,,,,,,,,,,,,,,,,
MAC,"Macao SAR, China",0,0,0,0,0,0,1,0,0,0,0,0,0,0,0,0,0,0,0,0,0,0,0,0,0,0,0,,,,,,,,,,,,,,,,,
MDG,Madagascar,0,1,1,0,0,0,0,1,0,LIDC,0,0,1,1,1,0,0,0,0,0,1,0,0,0,0,1,0,,,,,,,,,,,,,,,,,
MWI,Malawi,1,1,1,0,0,0,0,1,0,LIDC,0,0,1,1,1,0,0,0,0,0,1,0,0,0,0,1,1,,,,,,,,,,,,,,,,,
MYS,Malaysia,0,1,0,0,1,1,0,0,0,EM,0,1,0,0,0,0,0,0,1,0,0,0,1,0,0,0,0,,,,,,,,,,,,,,,,,
MDV,Maldives,1,1,0,0,1,1,0,0,1,EM,0,1,0,1,0,1,0,0,0,0,0,0,0,1,0,0,0,,,,,,,,,,,,,,,,,
MLI,Mali,1,1,1,0,0,0,0,1,0,LIDC,0,0,1,1,1,0,0,0,0,0,1,0,0,0,0,1,1,,,,,,,,,,,,,,,,,
MLT,Malta,0,0,0,0,0,0,1,0,0,0,0,0,0,0,0,0,0,0,0,0,0,0,0,0,0,0,0,,,,,,,,,,,,,,,,,
MHL,Marshall Islands,1,1,0,0,1,1,0,0,1,EM,0,1,0,1,0,0,0,0,1,0,0,0,0,0,1,0,0,,,,,,,,,,,,,,,,,
MRT,Mauritania,1,1,0,1,0,1,0,1,0,LIDC,0,0,1,1,1,0,0,0,0,0,1,0,0,0,1,0,0,,,,,,,,,,,,,,,,,
MUS,Mauritius,0,1,0,0,1,1,0,0,1,EM,0,1,0,0,0,0,0,0,0,0,1,0,1,0,0,0,0,,,,,,,,,,,,,,,,,
MEX,Mexico,0,1,0,0,1,1,0,0,0,EM,0,1,0,0,0,0,0,0,0,1,0,0,0,1,0,0,0,,,,,,,,,,,,,,,,,
FSM,Micronesia,1,1,0,1,0,1,0,0,1,EM,0,1,0,1,0,0,0,0,1,0,0,0,0,0,1,0,0,,,,,,,,,,,,,,,,,
MDA,Moldova,0,1,0,0,1,1,0,0,0,LIDC,0,0,1,0,0,0,1,0,0,0,0,0,0,1,0,0,1,,,,,,,,,,,,,,,,,
MCO,Monaco,0,0,0,0,0,0,1,0,0,0,0,0,0,0,0,0,0,0,0,0,0,0,0,0,0,0,0,,,,,,,,,,,,,,,,,
MNG,Mongolia,0,1,0,0,1,1,0,0,0,EM,0,1,0,0,0,0,0,0,1,0,0,0,0,1,0,0,1,,,,,,,,,,,,,,,,,
MNE,Montenegro,0,1,0,0,1,1,0,0,0,EM,0,1,0,0,0,0,1,0,0,0,0,0,1,0,0,0,0,,,,,,,,,,,,,,,,,
MAR,Morocco,0,1,0,1,0,1,0,0,0,EM,0,1,0,0,0,0,0,1,0,0,0,0,0,0,1,0,0,,,,,,,,,,,,,,,,,
MOZ,Mozambique,1,1,1,0,0,0,0,1,0,LIDC,0,0,1,1,1,0,0,0,0,0,1,0,0,0,0,1,0,,,,,,,,,,,,,,,,,
MMR,Myanmar,0,1,0,1,0,1,0,1,0,LIDC,0,0,1,1,0,0,0,0,1,0,0,0,0,0,1,0,0,,,,,,,,,,,,,,,,,
NAM,Namibia,0,1,0,0,1,1,0,0,0,EM,0,1,0,0,0,0,0,0,0,0,1,0,0,0,1,0,0,,,,,,,,,,,,,,,,,
NRU,Nauru,0,0,0,0,0,0,1,0,0,0,0,0,0,0,0,0,0,0,0,0,0,0,0,0,0,0,0,,,,,,,,,,,,,,,,,
NPL,Nepal,0,1,0,1,0,1,0,1,0,LIDC,0,0,1,1,0,1,0,0,0,0,0,0,0,0,1,0,1,,,,,,,,,,,,,,,,,
NLD,Netherlands,0,0,0,0,0,0,1,0,0,0,0,0,0,0,0,0,0,0,0,0,0,0,0,0,0,0,0,,,,,,,,,,,,,,,,,
NCL,New Caledonia,0,0,0,0,0,0,1,0,0,0,0,0,0,0,0,0,0,0,0,0,0,0,0,0,0,0,0,,,,,,,,,,,,,,,,,
NZL,New Zealand,0,0,0,0,0,0,1,0,0,0,0,0,0,0,0,0,0,0,0,0,0,0,0,0,0,0,0,,,,,,,,,,,,,,,,,
NIC,Nicaragua,0,1,0,1,0,1,0,0,0,LIDC,0,0,1,1,1,0,0,0,0,1,0,0,0,0,1,0,0,,,,,,,,,,,,,,,,,
NER,Niger,0,1,1,0,0,0,0,1,0,LIDC,0,0,1,1,1,0,0,0,0,0,1,0,0,0,0,1,1,,,,,,,,,,,,,,,,,
NGA,Nigeria,1,1,0,1,0,1,0,0,0,LIDC,0,0,1,1,0,0,0,0,0,0,1,0,0,0,0,1,0,,,,,,,,,,,,,,,,,
MKD,North Macedonia,0,1,0,0,1,1,0,0,0,EM,0,1,0,0,0,0,1,0,0,0,0,0,0,1,0,0,1,,,,,,,,,,,,,,,,,
MNP,Northern Mariana Islands,0,0,0,0,0,0,1,0,0,0,0,0,0,0,0,0,0,0,0,0,0,0,0,0,0,0,0,,,,,,,,,,,,,,,,,
NOR,Norway,0,0,0,0,0,0,1,0,0,0,0,0,0,0,0,0,0,0,0,0,0,0,0,0,0,0,0,,,,,,,,,,,,,,,,,
OMN,Oman,0,0,0,0,0,0,1,0,0,0,0,0,0,0,0,0,0,0,0,0,0,0,0,0,0,0,0,,,,,,,,,,,,,,,,,
PAK,Pakistan,1,1,0,1,0,1,0,0,0,EM,0,1,0,1,0,1,0,0,0,0,0,0,0,0,0,1,0,,,,,,,,,,,,,,,,,
PLW,Palau,0,1,0,0,0,0,1,0,1,EM,0,1,0,0,0,0,0,0,1,0,0,0,0,1,0,0,0,,,,,,,,,,,,,,,,,
PAN,Panama,0,0,0,0,0,0,1,0,0,0,0,0,0,0,0,0,0,0,0,0,0,0,0,0,0,0,0,,,,,,,,,,,,,,,,,
PNG,Papua New Guinea,0,1,0,1,0,1,0,0,1,LIDC,0,0,1,1,0,0,0,0,1,0,0,0,0,0,1,0,0,,,,,,,,,,,,,,,,,
PRY,Paraguay,0,1,0,0,1,1,0,0,0,EM,0,1,0,0,0,0,0,0,0,1,0,0,0,1,0,0,1,,,,,,,,,,,,,,,,,
PER,Peru,0,1,0,0,1,1,0,0,0,EM,0,1,0,0,0,0,0,0,0,1,0,0,0,1,0,0,0,,,,,,,,,,,,,,,,,
PHL,Philippines,0,1,0,1,0,1,0,0,0,EM,0,1,0,0,0,0,0,0,1,0,0,0,0,0,1,0,0,,,,,,,,,,,,,,,,,
POL,Poland,0,0,0,0,0,0,1,0,0,0,0,0,0,0,0,0,0,0,0,0,0,0,0,0,0,0,0,,,,,,,,,,,,,,,,,
PRT,Portugal,0,0,0,0,0,0,1,0,0,0,0,0,0,0,0,0,0,0,0,0,0,0,0,0,0,0,0,,,,,,,,,,,,,,,,,
PRI,Puerto Rico,0,0,0,0,0,0,1,0,0,0,0,0,0,0,0,0,0,0,0,0,0,0,0,0,0,0,0,,,,,,,,,,,,,,,,,
QAT,Qatar,0,0,0,0,0,0,1,0,0,0,0,0,0,0,0,0,0,0,0,0,0,0,0,0,0,0,0,,,,,,,,,,,,,,,,,
ROU,Romania,0,0,0,0,0,0,1,0,0,0,0,0,0,0,0,0,0,0,0,0,0,0,0,0,0,0,0,,,,,,,,,,,,,,,,,
RUS,Russian Federation,0,1,0,0,0,0,1,0,0,EM,0,1,0,0,0,0,1,0,0,0,0,0,1,0,0,0,0,,,,,,,,,,,,,,,,,
RWA,Rwanda,0,1,1,0,0,0,0,1,0,LIDC,0,0,1,1,1,0,0,0,0,0,1,0,0,0,0,1,1,,,,,,,,,,,,,,,,,
WSM,Samoa,1,1,0,1,0,1,0,0,1,EM,0,1,0,1,0,0,0,0,1,0,0,0,0,1,0,0,0,,,,,,,,,,,,,,,,,
SMR,San Marino,0,0,0,0,0,0,1,0,0,0,0,0,0,0,0,0,0,0,0,0,0,0,0,0,0,0,0,,,,,,,,,,,,,,,,,
STP,São Tomé and Principe,1,1,0,1,0,1,0,1,1,LIDC,0,0,1,1,1,0,0,0,0,0,1,0,0,0,1,0,0,,,,,,,,,,,,,,,,,
SAU,Saudi Arabia,0,0,0,0,0,0,1,0,0,0,0,0,0,0,0,0,0,0,0,0,0,0,0,0,0,0,0,,,,,,,,,,,,,,,,,
SEN,Senegal,0,1,0,1,0,1,0,1,0,LIDC,0,0,1,1,1,0,0,0,0,0,1,0,0,0,0,1,0,,,,,,,,,,,,,,,,,
SRB,Serbia,0,1,0,0,1,1,0,0,0,EM,0,1,0,0,0,0,1,0,0,0,0,0,1,0,0,0,0,,,,,,,,,,,,,,,,,
SYC,Seychelles,0,0,0,0,0,0,1,0,0,0,0,0,0,0,0,0,0,0,0,0,0,0,0,0,0,0,0,,,,,,,,,,,,,,,,,
SLE,Sierra Leone,1,1,1,0,0,0,0,1,0,LIDC,0,0,1,1,1,0,0,0,0,0,1,0,0,0,0,1,0,,,,,,,,,,,,,,,,,
SGP,Singapore,0,0,0,0,0,0,1,0,0,0,0,0,0,0,0,0,0,0,0,0,0,0,0,0,0,0,0,,,,,,,,,,,,,,,,,
SXM,Sint Maarten (Dutch part),0,0,0,0,0,0,1,0,0,0,0,0,0,0,0,0,0,0,0,0,0,0,0,0,0,0,0,,,,,,,,,,,,,,,,,
SVK,Slovak Republic,0,0,0,0,0,0,1,0,0,0,0,0,0,0,0,0,0,0,0,0,0,0,0,0,0,0,0,,,,,,,,,,,,,,,,,
SVN,Slovenia,0,0,0,0,0,0,1,0,0,0,0,0,0,0,0,0,0,0,0,0,0,0,0,0,0,0,0,,,,,,,,,,,,,,,,,
SLB,Solomon Islands,1,1,0,1,0,1,0,1,1,LIDC,0,0,1,1,0,0,0,0,1,0,0,0,0,0,1,0,0,,,,,,,,,,,,,,,,,
SOM,Somalia,1,1,1,0,0,0,0,1,0,LIDC,0,0,1,1,0,0,0,0,0,0,1,0,0,0,0,0,0,,,,,,,,,,,,,,,,,
ZAF,South Africa,0,1,0,0,1,1,0,0,0,EM,0,1,0,0,0,0,0,0,0,0,1,0,0,1,0,0,0,,,,,,,,,,,,,,,,,
SSD,South Sudan,1,1,1,0,0,0,0,1,0,LIDC,0,0,1,1,0,0,0,0,0,0,1,0,0,0,0,1,1,,,,,,,,,,,,,,,,,
ESP,Spain,0,0,0,0,0,0,1,0,0,0,0,0,0,0,0,0,0,0,0,0,0,0,0,0,0,0,0,,,,,,,,,,,,,,,,,
LKA,Sri Lanka,1,1,0,1,0,1,0,0,0,EM,0,1,0,1,0,1,0,0,0,0,0,0,0,1,0,0,0,,,,,,,,,,,,,,,,,
KNA,St. Kitts and Nevis,0,0,0,0,0,0,1,0,0,0,0,0,0,0,0,0,0,0,0,0,0,0,0,0,0,0,0,,,,,,,,,,,,,,,,,
LCA,St. Lucia,0,1,0,0,1,1,0,0,1,EM,0,1,0,1,0,0,0,0,0,1,0,0,0,1,0,0,0,,,,,,,,,,,,,,,,,
MAF,St. Martin (French part),0,0,0,0,0,0,1,0,0,0,0,0,0,0,0,0,0,0,0,0,0,0,0,0,0,0,0,,,,,,,,,,,,,,,,,
VCT,St. Vincent and the Grenadines,0,1,0,0,1,1,0,0,1,EM,0,1,0,1,0,0,0,0,0,1,0,0,0,1,0,0,0,,,,,,,,,,,,,,,,,
SDN,Sudan,1,1,1,0,0,0,0,1,0,LIDC,0,0,1,1,0,0,0,0,0,0,1,0,0,0,0,1,0,,,,,,,,,,,,,,,,,
SUR,Suriname,1,1,0,0,1,1,0,0,1,EM,0,1,0,1,0,0,0,0,0,1,0,0,0,1,0,0,0,,,,,,,,,,,,,,,,,
SWE,Sweden,0,0,0,0,0,0,1,0,0,0,0,0,0,0,0,0,0,0,0,0,0,0,0,0,0,0,0,,,,,,,,,,,,,,,,,
CHE,Switzerland,0,0,0,0,0,0,1,0,0,0,0,0,0,0,0,0,0,0,0,0,0,0,0,0,0,0,0,,,,,,,,,,,,,,,,,
SYR,Syrian Arab Republic,0,1,1,0,0,0,0,0,0,..,0,0,0,1,0,0,0,1,0,0,0,0,0,0,1,0,0,,,,,,,,,,,,,,,,,
TJK,Tajikistan,1,1,0,1,0,1,0,0,0,LIDC,0,0,1,1,0,0,1,0,0,0,0,0,0,0,1,0,1,,,,,,,,,,,,,,,,,
TZA,Tanzania,0,1,0,1,0,1,0,1,0,LIDC,0,0,1,1,1,0,0,0,0,0,1,0,0,0,0,1,0,,,,,,,,,,,,,,,,,
THA,Thailand,0,1,0,0,1,1,0,0,0,EM,0,1,0,0,0,0,0,0,1,0,0,0,1,0,0,0,0,,,,,,,,,,,,,,,,,
TLS,Timor-Leste,0,1,0,1,0,1,0,1,1,LIDC,0,0,1,1,0,0,0,0,1,0,0,0,0,0,1,0,0,,,,,,,,,,,,,,,,,
TGO,Togo,0,1,1,0,0,0,0,1,0,LIDC,0,0,1,1,1,0,0,0,0,0,1,0,0,0,0,1,0,,,,,,,,,,,,,,,,,
TON,Tonga,1,1,0,0,1,1,0,0,1,EM,0,1,0,1,0,0,0,0,1,0,0,0,0,1,0,0,0,,,,,,,,,,,,,,,,,
TTO,Trinidad and Tobago,0,0,0,0,0,0,1,0,0,0,0,0,0,0,0,0,0,0,0,0,0,0,0,0,0,0,0,,,,,,,,,,,,,,,,,
TUN,Tunisia,1,1,0,1,0,1,0,0,0,EM,0,1,0,0,0,0,0,1,0,0,0,0,0,1,0,0,0,,,,,,,,,,,,,,,,,
TUR,Türkiye,0,1,0,0,1,1,0,0,0,EM,0,1,0,0,0,0,1,0,0,0,0,0,1,0,0,0,0,,,,,,,,,,,,,,,,,
TKM,Turkmenistan,0,1,0,0,1,1,0,0,0,EM,0,1,0,0,0,0,1,0,0,0,0,0,0,1,0,0,1,,,,,,,,,,,,,,,,,
TCA,Turks and Caicos Islands,0,0,0,0,0,0,1,0,0,0,0,0,0,0,0,0,0,0,0,0,0,0,0,0,0,0,0,,,,,,,,,,,,,,,,,
TUV,Tuvalu,1,1,0,0,1,1,0,1,1,EM,0,1,0,1,0,0,0,0,1,0,0,0,0,0,1,0,0,,,,,,,,,,,,,,,,,
UGA,Uganda,0,1,1,0,0,0,0,1,0,LIDC,0,0,1,1,1,0,0,0,0,0,1,0,0,0,0,1,1,,,,,,,,,,,,,,,,,
UKR,Ukraine,1,1,0,0,1,1,0,0,0,EM,0,1,0,0,0,0,1,0,0,0,0,0,0,1,0,0,0,,,,,,,,,,,,,,,,,
ARE,United Arab Emirates,0,0,0,0,0,0,1,0,0,0,0,0,0,0,0,0,0,0,0,0,0,0,0,0,0,0,0,,,,,,,,,,,,,,,,,
GBR,United Kingdom,0,0,0,0,0,0,1,0,0,0,0,0,0,0,0,0,0,0,0,0,0,0,0,0,0,0,0,,,,,,,,,,,,,,,,,
USA,United States,0,0,0,0,0,0,1,0,0,0,0,0,0,0,0,0,0,0,0,0,0,0,0,0,0,0,0,,,,,,,,,,,,,,,,,
URY,Uruguay,0,0,0,0,0,0,1,0,0,0,0,0,0,0,0,0,0,0,0,0,0,0,0,0,0,0,0,,,,,,,,,,,,,,,,,
UZB,Uzbekistan,0,1,0,1,0,1,0,0,0,LIDC,0,0,1,1,0,0,1,0,0,0,0,0,0,1,0,0,1,,,,,,,,,,,,,,,,,
VUT,Vanuatu,0,1,0,1,0,1,0,0,1,EM,0,1,0,1,0,0,0,0,1,0,0,0,0,0,1,0,0,,,,,,,,,,,,,,,,,
VEN,"Venezuela, RB",1,1,0,0,0,0,0,0,0,EM,0,1,0,0,0,0,0,0,0,1,0,0,0,0,1,0,0,,,,,,,,,,,,,,,,,
VNM,Vietnam,0,1,0,1,0,1,0,0,0,LIDC,0,0,1,0,0,0,0,0,1,0,0,0,0,1,0,0,0,,,,,,,,,,,,,,,,,
VIR,Virgin Islands (U.S.),0,0,0,0,0,0,1,0,0,0,0,0,0,0,0,0,0,0,0,0,0,0,0,0,0,0,0,,,,,,,,,,,,,,,,,
WBG,West Bank and Gaza,0,1,0,1,0,1,0,0,0,EM,0,1,0,0,0,0,0,1,0,0,0,0,0,1,0,0,0,,,,,,,,,,,,,,,,,
YEM,"Yemen, Rep.",0,1,1,0,0,0,0,1,0,LIDC,0,0,1,1,0,0,0,1,0,0,0,0,0,0,0,1,0,,,,,,,,,,,,,,,,,
ZMB,Zambia,1,1,0,1,0,1,0,1,0,LIDC,0,0,1,1,1,0,0,0,0,0,1,0,0,0,1,0,1,,,,,,,,,,,,,,,,,
ZWE,Zimbabwe,1,1,0,1,0,1,0,0,0,LIDC,0,0,1,1,0,0,0,0,0,0,1,0,0,0,1,0,1,,,,,,,,,,,,,,,,,
AFE,Africa Eastern and Southern,0,0,0,0,0,0,0,0,0,..,0,0,0,0,0,0,0,0,0,0,0,0,0,0,0,0,0,,,,,,,,,,,,,,,,,
AFW,Africa Western and Central,0,0,0,0,0,0,0,0,0,..,0,0,0,0,0,0,0,0,0,0,0,0,0,0,0,0,0,,,,,,,,,,,,,,,,,
ARB,Arab World,0,0,0,0,0,0,0,0,0,..,0,0,0,0,0,0,0,0,0,0,0,0,0,0,0,0,0,,,,,,,,,,,,,,,,,
CSS,Caribbean small states,0,0,0,0,0,0,0,0,0,..,0,0,0,0,0,0,0,0,0,0,0,0,0,0,0,0,0,,,,,,,,,,,,,,,,,
CEB,Central Europe and the Baltics,0,0,0,0,0,0,0,0,0,..,0,0,0,0,0,0,0,0,0,0,0,0,0,0,0,0,0,,,,,,,,,,,,,,,,,
EAR,Early-demographic dividend,0,0,0,0,0,0,0,0,0,..,0,0,0,0,0,0,0,0,0,0,0,0,0,0,0,0,0,,,,,,,,,,,,,,,,,
EAS,East Asia & Pacific,0,0,0,0,0,0,0,0,0,..,0,0,0,0,0,0,0,0,0,0,0,0,0,0,0,0,0,,,,,,,,,,,,,,,,,
EAP,East Asia & Pacific (excluding high income),0,0,0,0,0,0,0,0,0,..,0,0,0,0,0,0,0,0,0,0,0,0,0,0,0,0,0,,,,,,,,,,,,,,,,,
TEA,East Asia & Pacific (IDA & IBRD),0,0,0,0,0,0,0,0,0,..,0,0,0,0,0,0,0,0,0,0,0,0,0,0,0,0,0,,,,,,,,,,,,,,,,,
EMU,Euro area,0,0,0,0,0,0,0,0,0,..,0,0,0,0,0,0,0,0,0,0,0,0,0,0,0,0,0,,,,,,,,,,,,,,,,,
ECS,Europe & Central Asia,0,0,0,0,0,0,0,0,0,..,0,0,0,0,0,0,0,0,0,0,0,0,0,0,0,0,0,,,,,,,,,,,,,,,,,
ECA,Europe & Central Asia (excluding high income),0,0,0,0,0,0,0,0,0,..,0,0,0,0,0,0,0,0,0,0,0,0,0,0,0,0,0,,,,,,,,,,,,,,,,,
TEC,Europe & Central Asia (IDA & IBRD),0,0,0,0,0,0,0,0,0,..,0,0,0,0,0,0,0,0,0,0,0,0,0,0,0,0,0,,,,,,,,,,,,,,,,,
EUU,European Union,0,0,0,0,0,0,0,0,0,..,0,0,0,0,0,0,0,0,0,0,0,0,0,0,0,0,0,,,,,,,,,,,,,,,,,
FCS,Fragile and conflict affected situations,0,0,0,0,0,0,0,0,0,..,0,0,0,0,0,0,0,0,0,0,0,0,0,0,0,0,0,,,,,,,,,,,,,,,,,
HPC,Heavily indebted poor countries (HIPC),0,0,0,0,0,0,0,0,0,..,0,0,0,0,0,0,0,0,0,0,0,0,0,0,0,0,0,,,,,,,,,,,,,,,,,
HIC,High income,0,0,0,0,0,0,0,0,0,..,0,0,0,0,0,0,0,0,0,0,0,0,0,0,0,0,0,,,,,,,,,,,,,,,,,
IBD,IBRD only,0,0,0,0,0,0,0,0,0,..,0,0,0,0,0,0,0,0,0,0,0,0,0,0,0,0,0,,,,,,,,,,,,,,,,,
IBT,IDA & IBRD total,0,0,0,0,0,0,0,0,0,..,0,0,0,0,0,0,0,0,0,0,0,0,0,0,0,0,0,,,,,,,,,,,,,,,,,
IDB,IDA blend,0,0,0,0,0,0,0,0,0,..,0,0,0,0,0,0,0,0,0,0,0,0,0,0,0,0,0,,,,,,,,,,,,,,,,,
IDX,IDA only,0,0,0,0,0,0,0,0,0,..,0,0,0,0,0,0,0,0,0,0,0,0,0,0,0,0,0,,,,,,,,,,,,,,,,,
IDA,IDA total,0,0,0,0,0,0,0,0,0,..,0,0,0,0,0,0,0,0,0,0,0,0,0,0,0,0,0,,,,,,,,,,,,,,,,,
LTE,Late-demographic dividend,0,0,0,0,0,0,0,0,0,..,0,0,0,0,0,0,0,0,0,0,0,0,0,0,0,0,0,,,,,,,,,,,,,,,,,
LCN,Latin America & Caribbean,0,0,0,0,0,0,0,0,0,..,0,0,0,0,0,0,0,0,0,0,0,0,0,0,0,0,0,,,,,,,,,,,,,,,,,
LAC,Latin America & Caribbean (excluding high income),0,0,0,0,0,0,0,0,0,..,0,0,0,0,0,0,0,0,0,0,0,0,0,0,0,0,0,,,,,,,,,,,,,,,,,
TLA,Latin America & Caribbean (IDA & IBRD),0,0,0,0,0,0,0,0,0,..,0,0,0,0,0,0,0,0,0,0,0,0,0,0,0,0,0,,,,,,,,,,,,,,,,,
LDC,Least developed countries: UN classification,0,0,0,0,0,0,0,0,0,..,0,0,0,0,0,0,0,0,0,0,0,0,0,0,0,0,0,,,,,,,,,,,,,,,,,
LMY,Low & middle income,0,0,0,0,0,0,0,0,0,..,0,0,0,0,0,0,0,0,0,0,0,0,0,0,0,0,0,,,,,,,,,,,,,,,,,
LIC,Low income,0,0,0,0,0,0,0,0,0,..,0,0,0,0,0,0,0,0,0,0,0,0,0,0,0,0,0,,,,,,,,,,,,,,,,,
LMC,Lower middle income,0,0,0,0,0,0,0,0,0,..,0,0,0,0,0,0,0,0,0,0,0,0,0,0,0,0,0,,,,,,,,,,,,,,,,,
MEA,Middle East & North Africa,0,0,0,0,0,0,0,0,0,..,0,0,0,0,0,0,0,0,0,0,0,0,0,0,0,0,0,,,,,,,,,,,,,,,,,
MNA,Middle East & North Africa (excluding high income),0,0,0,0,0,0,0,0,0,..,0,0,0,0,0,0,0,0,0,0,0,0,0,0,0,0,0,,,,,,,,,,,,,,,,,
TMN,Middle East & North Africa (IDA & IBRD),0,0,0,0,0,0,0,0,0,..,0,0,0,0,0,0,0,0,0,0,0,0,0,0,0,0,0,,,,,,,,,,,,,,,,,
MIC,Middle income,0,0,0,0,0,0,0,0,0,..,0,0,0,0,0,0,0,0,0,0,0,0,0,0,0,0,0,,,,,,,,,,,,,,,,,
NAC,North America,0,0,0,0,0,0,0,0,0,..,0,0,0,0,0,0,0,0,0,0,0,0,0,0,0,0,0,,,,,,,,,,,,,,,,,
OED,OECD members,0,0,0,0,0,0,0,0,0,..,0,0,0,0,0,0,0,0,0,0,0,0,0,0,0,0,0,,,,,,,,,,,,,,,,,
OSS,Other small states,0,0,0,0,0,0,0,0,0,..,0,0,0,0,0,0,0,0,0,0,0,0,0,0,0,0,0,,,,,,,,,,,,,,,,,
PSS,Pacific island small states,0,0,0,0,0,0,0,0,0,..,0,0,0,0,0,0,0,0,0,0,0,0,0,0,0,0,0,,,,,,,,,,,,,,,,,
PST,Post-demographic dividend,0,0,0,0,0,0,0,0,0,..,0,0,0,0,0,0,0,0,0,0,0,0,0,0,0,0,0,,,,,,,,,,,,,,,,,
PRE,Pre-demographic dividend,0,0,0,0,0,0,0,0,0,..,0,0,0,0,0,0,0,0,0,0,0,0,0,0,0,0,0,,,,,,,,,,,,,,,,,
SST,Small states,0,0,0,0,0,0,0,0,0,..,0,0,0,0,0,0,0,0,0,0,0,0,0,0,0,0,0,,,,,,,,,,,,,,,,,
SAS,South Asia,0,0,0,0,0,0,0,0,0,..,0,0,0,0,0,0,0,0,0,0,0,0,0,0,0,0,0,,,,,,,,,,,,,,,,,
TSA,South Asia (IDA & IBRD),0,0,0,0,0,0,0,0,0,..,0,0,0,0,0,0,0,0,0,0,0,0,0,0,0,0,0,,,,,,,,,,,,,,,,,
SSF,Sub-Saharan Africa,0,0,0,0,0,0,0,0,0,..,0,0,0,0,0,0,0,0,0,0,0,0,0,0,0,0,0,,,,,,,,,,,,,,,,,
SSA,Sub-Saharan Africa (excluding high income),0,0,0,0,0,0,0,0,0,..,0,0,0,0,0,0,0,0,0,0,0,0,0,0,0,0,0,,,,,,,,,,,,,,,,,
TSS,Sub-Saharan Africa (IDA & IBRD),0,0,0,0,0,0,0,0,0,..,0,0,0,0,0,0,0,0,0,0,0,0,0,0,0,0,0,,,,,,,,,,,,,,,,,
UMC,Upper middle income,0,0,0,0,0,0,0,0,0,..,0,0,0,0,0,0,0,0,0,0,0,0,0,0,0,0,0,,,,,,,,,,,,,,,,,
WLD,World,0,0,0,0,0,0,0,0,0,..,0,0,0,0,0,0,0,0,0,0,0,0,0,0,0,0,0,,,,,,,,,,,,,,,,,
TWN,Taiwan,0,0,0,0,0,0,1,0,0,0,0,0,0,0,0,0,0,0,0,0,0,0,0,0,0,0,0,,,,,,,,,,,,,,,,,
,,,,,,,,,,,,,,,,,,,,,,,,,,,,,,,,,,,,,,,,,,,,,